Gene,Transcript_Accession,Nonsynonymous,Frameshift,Stop_Gain,Splicing,Putative_Nonsynonymous,Putative_Frameshift,Putative_Stop_Gain,Putative_Splicing,M_L_CHIP
ASXL1,NM_015338,,exon11;exon12,exon11;exon12,exon11;exon12,,,,,M
ASXL2,NM_018263,,exon11;exon12,exon11;exon12,exon11;exon12,,,,,M
BCOR,NM_001123385,,any,any,any,,,,,M
BCORL1,NM_021946,,any,any,any,,,,,M
BRAF,NM_004333,AA469;AA590-610,,,,,,,,M
BRCC3,NM_024332,,any,any,any,,,,,M
CALR,NM_004343,,AA352-418,,,,,,,M
CBL,NM_005188,AA360-430,AA360-430,AA360-430,AA360-430,,,,,M
CEBPA,NM_004364,,any,any,,,,,,M
CREBBP,NM_004380,AA1446,any,any,any,,,,,M
CSF3R,NM_000760,AA615;AA618,AA618-840,AA618-840,,,,,,M
CTCF,NM_006565,,any,any,any,,,,,M
CUX1,NM_181552,,any,any,any,,,,,M
DNMT3A,NM_022552,AA290-390;AA547-911;AA414;AA494;AA497;AA508;AA527;AA529;AA531;AA532;AA537;AA543,any,any,any,,,,,M
EED,NM_003797,AA196-240;AA363,any,any,any,,,,,M
EP300,NM_001429,,any,any,any,,,,,M
ETNK1,NM_018638,AA243-245,,,,,,,,M
ETV6,NM_001987,,any,any,any,,,,,M
EZH2,NM_001203247,AA500-738,any,any,any,,,,,M
FLT3,NM_004119,AA800-850;AA569-700,,,,,,,,M
GATA2,NM_001145661,AA250-398,any,any,any,,,,,M
GNAS,NM_000516,AA201;AA227;AA844,,,,,,,,M
GNB1,NM_002074,AA57;AA76;AA77;AA78;AA80;AA81;AA88;AA89,,,,,,,,M
IDH1,NM_005896,AA126-138,,,,,,,,M
IDH2,NM_002168,AA134-146;164-180,,,,,,,,M
IKZF1,NM_006060,,any,any,any,,,,,M
JAK2,NM_004972,AA505-547;AA617;AA682;AA683,,,,,,,,M
KDM6A,NM_021140,,any,any,any,,,,,M
KIT,NM_000222,AA400-430;AA540-600;AA810-830,,,,,,,,M
KRAS,NM_033360,AA5;AA12;AA13;AA18;AA33;AA59;AA60;AA61;AA64;AA117;AA146,,,,,,,,M
MPL,NM_005373,AA500-520,,,,,,,,M
NF1,NM_000267,,any,any,any,,,,,M
NPM1,NM_002520,,AA260-300,,,,,,,M
NRAS,NM_002524,AA12;AA13;AA14;AA18;AA24;AA59;AA60;AA61;AA63;AA64;AA66;AA69;AA74;AA146,,,,,,,,M
PDS5B,NM_015032,,any,any,any,,,,,M
PHF6,NM_001015877,,AA42-132;AA235-330,AA42-132;AA235-330,AA42-132;AA235-330,,,,,M
PHIP,NM_017934,,any,any,any,,,,,M
PPM1D,NM_003620,,AA421-605,AA421-605,AA421-605,,,,,M
PRPF40B,NM_001031698,AA15;AA58;AA405;AA562,any,any,any,,,,,M
PRPF8,NM_006445,AA1591;AA1594;AA1598;AA1603,,,,,,,,M
PTPN11,NM_002834,AA40;AA42;AA45;AA58;AA60;AA61;AA62;AA69;AA71;AA72;AA73;AA76;AA79;AA163;AA186;AA265;AA282;AA296;AA308;AA419;AA424;AA428;AA468;AA491;AA502;AA503;AA504;AA510,,,,,,,,M
RAD21,NM_006265,,any,any,any,,,,,M
RUNX1,NM_001001890,AA90-250;AA396,any,any,any,,,,,M
SETBP1,NM_015559,AA855-880,,,,,,,,M
SETD2,NM_014159,,any,any,any,,,,,M
SF3B1,NM_012433,AA550-800,,,,,,,,M
SMC1A,NM_006306,,any,any,any,,,,,M
SMC3,NM_005445,,any,any,any,,,,,M
SRSF2,NM_003016,AA57;AA95;AA85-100,,,,,,,,M
STAG2,NM_006603,,any,any,any,,,,,M
SUZ12,NM_015355,,any,any,any,,,,,M
TET2,NM_001127208,AA1104-1481;AA1843-2002,any,any,any,,,,,M
TP53,NM_001126112,any,any,any,any,,,,,M
U2AF1,NM_006758,AA22;AA28;AA32;AA34;AA154;AA156;AA157,,,,,,,,M
WT1,NM_024426,,any,any,any,,,,,M
ZRSR2,NM_005089,,any,any,any,,,,,M
ABL1,NM_005157,,,,,any,any,any,any,L
ACTB,NM_001101,,,,,any,any,any,any,L
ACTG1,"NM_001199954,NM_001614",,,,any,,,,,L
ADD2,NM_001185054,,,,,any,any,any,any,L
ADGRV1,NM_032119,,,,,any,any,any,any,L
AKAP6,NM_004274,,,,,any,any,any,any,L
ALK,NM_004304,,,,,any,any,any,any,L
ANKRD50,NM_020337,,,,,any,any,any,any,L
AOC2,NM_009590,,,,,any,any,any,any,L
ARHGEF1,NM_004706,,,,,any,any,any,any,L
ARID1A,NM_006015,G2087R,any,any,any,any,,,,L
ARID1B,"NM_001371656,NM_001374820",,any,any,any,,,,,L
ARID5B,NM_032199,,any,any,any,,,,,L
ATM,"NM_001351834,NM_000051",R337H;R2832H;R2832C;N2875S;I2888T;R3008C;R3008H,any,any,any,any,,,,L
ATR,NM_001184,,any,any,any,,,,,L
AUTS2,NM_015570,,,,,any,any,any,any,L
B2M,"NM_004048,NM_004048",L7V;L12P;L12Q;L12R,any,any,any,any,,,,L
BAZ2A,NM_013449,,,,,any,any,any,any,L
BAZ2B,"NM_001289975,NM_001329858,NM_001329857,NM_013450",,,,,any,any,any,any,L
BCL10,"NM_001320715,NM_003921",,any,any,any,,,,,L
BCL11A,NM_022893,,,,,any,any,any,any,L
BCL2,nan,K22N;K22R;G33R;G33E;G33A;P95A;P95S;P95L;P95R;G101V;A131V;A131D;A131G;A131T;N172D;N172S,,,,any,,,,L
BCL6,NM_001706,R618C,,,,any,,,,L
BCL7A,"NM_001024808,NM_020993",,,,,any,any,any,any,L
BIRC3,NM_182962,,any,any,any,,,,,L
BRCA1,NM_007294,,,,,any,any,any,any,L
BRWD3,NM_153252,,,,,any,any,any,any,L
BTG1,NM_001731,,any,any,any,,,,,L
BTG2,NM_006763,,,,,any,any,any,any,L
BTK,"NM_000061,NM_001287345",T316A,,,,any,,,,L
CARD11,"NM_032415,NM_001324281",C49Y;C49S;E93D;E93Q;R113Q;F115I;F115L;F115V;T117P;T117N;G123C;G123D;G123S;G126D;F130C;F130I;F130V;K215E;K215M;K215N;K215T;D230N;S250P;L251P;R337Q;D357E;D357V;Y361H;D387A;D401N;D401V;R423W;E626K,,,,any,,,,L
CCAR1,NM_018237,,,,,any,any,any,any,L
CCL4,"NM_002984,NM_002984,NM_002984",,,,,any,any,any,any,L
CCND1,NM_053056,S41T;V42E;Y44C;Y44D;Y44F;Y44H;Y44N;Y44S;K46E;K46I;K46N;C47R;C47S;T286A;P287S,,,,any,,,,L
CCND3,NM_001760,T283A;T283I;P284S;P284R;P284A;P284L;P284T;D286G;I290K;I290R;I290T;I290M,c_term,c_term,c_term,any,,,,L
CD19,"NM_001770,NM_001385732",,,,,any,any,any,any,L
CD274,NM_014143,,,,,any,any,any,any,L
CD58,"NM_001779,NM_001144822",,any,any,any,,,,,L
CD70,"NM_001252,NM_001330332",,,,,any,any,any,any,L
CD79A,"NM_001783,NM_021601",,,,,any,any,any,any,L
CD79B,NM_000626,Y196H;Y196S;Y196C;Y196N;Y196D;Y196F,,,,any,,,,L
CD83,"NM_004233,NM_001040280,NM_001251901",,,,,any,any,any,any,L
CDKN2A,NM_000077,R112H,any,any,any,any,,,,L
CHD2,NM_001271,,,,,any,any,any,any,L
CHD8,NM_001170629,,,,,any,any,any,any,L
CHEK2,NM_007194,,any,any,any,,,,,L
CIITA,"NM_001286402,NM_001379332,NM_001379330,NM_001379334",T636M,any,any,any,any,,,,L
CLGN,NM_001130675,,,,,any,any,any,any,L
CNKSR2,NM_014927,,,,,any,any,any,any,L
COL6A3,NM_004369,,,,,any,any,any,any,L
CSF2RB,NM_000395,,,,,any,any,any,any,L
CTSS,"NM_004079,NM_001199739",,,,,any,any,any,any,L
CXCR4,"NM_003467,NM_001348059,NM_001348056",,c_term,c_term,c_term,any,,,,L
DAZAP1,"NM_018959,NM_001352035",,,,,any,any,any,any,L
DDX11,"NM_152438,NM_001257144",,,,,any,any,any,any,L
DDX3X,NM_001356,Y525H;R528H;R534H;R534C,any,any,any,any,,,,L
DGKB,"NM_001350723,NM_001350722,NM_001350717,NM_001350706,NM_001350708,NM_001350719,NM_001350709,NM_001350707,NM_001350718,NM_001350705,NM_145695,NM_001350711,NM_001350720,NM_001350712,NM_001350715,NM_001350724,NM_001350721,NM_001350714,NM_001350716",,,,,any,any,any,any,L
DIRAS3,NM_004675,,,,,any,any,any,any,L
DLC1,"NM_001348081,NM_182643",,,,,any,any,any,any,L
DMD,NM_004014,,,,,any,any,any,any,L
DTX1,NM_004416,,any,any,any,,,,,L
DUSP2,NM_004418,,,,,any,any,any,any,L
DUSP22,NM_020185,,,,,any,any,any,any,L
EBF1,"NM_001324108,NM_001324106,NM_001324107,NM_024007,NM_001324103,NM_001290360,NM_001324101,NM_001324111,NM_001364158,NM_001364159,NM_001364156,NM_001364157",,,,,any,any,any,any,L
EEF1A1,NM_001402,,,,,any,any,any,any,L
ENPP3,NM_005021,,,,,any,any,any,any,L
ENTPD4,"NM_004901,NM_001128930",,,,,any,any,any,any,L
ERBB4,NM_005235,K1223T,,,,any,,,,L
ETS1,"NM_005238,NM_001143820,NM_001330451,NM_001162422",,,,,any,any,any,any,L
FANCE,NM_021922,,,,,any,any,any,any,L
FAS,NM_001320619,,any,any,any,,,,,L
FAT1,NM_005245,R1627Q;A4419V,any,any,any,any,,,,L
FAT2,NM_001447,,,,,any,any,any,any,L
FAT4,"NM_001291303,NM_001291285,NM_024582",,,,,any,any,any,any,L
FBXW7,NM_033632,R465H;R465C;R465L;Y545C,any,any,any,any,,,,L
FOXC1,NM_001453,,,,,any,any,any,any,L
FOXO1,NM_002015,S22P;S22W;T24I;T24A;S205N,any,any,any,any,,,,L
FYN,"NM_153048,NM_002037,NM_001370529,NM_153047",,,,,any,any,any,any,L
GNA13,NM_006572,,,,,any,any,any,any,L
GNAI2,NM_002070,,,,,any,any,any,any,L
GNE,"NM_001374797,NM_005476",,,,,any,any,any,any,L
GPS2,NM_004489,,any,any,any,,,,,L
GRB2,"NM_203506,NM_002086",,,,,any,any,any,any,L
GRHPR,NM_012203,,,,,any,any,any,any,L
GRM7,NM_000844,,,,,any,any,any,any,L
HAVCR2,NM_032782,,,,,any,any,any,any,L
HEATR3,"NM_001329729,NM_001329730,NM_182922,NM_001329731",,,,,any,any,any,any,L
HIST1H1B,nan,,any,any,any,,,,,L
HIST1H1C,nan,A180P,,,,any,,,,L
HIST1H1D,nan,,,,,any,any,any,any,L
HIST1H1E,NM_005321,,,,,any,any,any,any,L
HIST1H2AC,nan,,,,,any,any,any,any,L
HIST1H2AM,NM_003514,,,,,any,any,any,any,L
HIST1H2BC,NM_001381989,E77G;E77K;A78P;L103F;L103I,,,,any,,,,L
HIST1H2BK,"NM_080593,NM_001312653",,,,,any,any,any,any,L
HIST1H3B,nan,,,,,any,any,any,any,L
HIST2H2BE,nan,,,,,any,any,any,any,L
HNRNPD,NM_031370,,,,,any,any,any,any,L
HVCN1,"NM_001040107,NM_032369,NM_001256413",,,,,any,any,any,any,L
ID3,"NM_002167,NM_002167",P56S;P56L;P56R;L64F;L64H;L64R;L64V,any,any,any,any,,,,L
IGLL5,"NM_001178126,NM_001256296",,,,,any,any,any,any,L
IKZF3,NM_012481,,,,,any,any,any,any,L
IL10RA,NM_001558,,,,,any,any,any,any,L
IL6,"NM_000600,NM_001371096,NM_001318095",,,,,any,any,any,any,L
IRF2BP2,NM_182972,,,,,any,any,any,any,L
IRF4,"NM_002460,NM_001195286",C99R,,,,any,,,,L
IRF8,"NM_002163,NM_001363907",T80A,c_term,c_term,c_term,any,,,,L
ITK,NM_005546,,,,,any,any,any,any,L
ITPKB,NM_002221,,,,,any,any,any,any,L
ITPR3,NM_002224,,,,,any,any,any,any,L
JAK1,NM_002227,Y652H;L910P;Y1035C,,,,any,,,,L
JAK3,NM_000215,573V;R657Q,,,,any,,,,L
KIAA1671,"NM_001386933,NM_001386932",,,,,any,any,any,any,L
KIR2DL3,NM_015868,,,,,any,any,any,any,L
KLF2,NM_016270,,any,any,any,,,,,L
KLHL14,NM_020805,,,,,any,any,any,any,L
KLHL21,NM_014851,,,,,any,any,any,any,L
KLHL6,NM_130446,,,,,any,any,any,any,L
KLHL9,NM_018847,,,,,any,any,any,any,L
KMT2C,NM_170606,,any,any,any,,,,,L
KMT2D,NM_003482,R5179C;R5432W;R5432Q,any,any,any,any,,,,L
LRP1B,NM_018557,,,,,any,any,any,any,L
LTB,NM_002341,,,,,any,any,any,any,L
LYN,"NM_002350,NM_001111097",,,,,any,any,any,any,L
MAGT1,"NM_032121,NM_001367916",,,,,any,any,any,any,L
MAP2K1,NM_002755,,,,,any,any,any,any,L
MATN2,NM_002380,,,,,any,any,any,any,L
MCL1,NM_021960,,,,,any,any,any,any,L
MED11,"NM_001001683,NM_001305000",,,,,any,any,any,any,L
MEF2B,NM_001145785,K4E;Y69N;E77K;N81K;N81Y;D83V,,,,any,,,,L
MGA,NM_001164273,,any,any,any,,,,,L
MGARP,NM_032623,,,,,any,any,any,any,L
MPEG1,NM_001039396,,,,,any,any,any,any,L
MS4A1,"NM_152866,NM_021950,NM_152867",,,,,any,any,any,any,L
MTOR,"NM_001386501,NM_004958,NM_001386500",W1456G;A1459V;C1483Y;A1971T;T1977K;T1977R;V2006I;S2215F;R2217W;S2231L;I2500F,,,,any,,,,L
MYC,NM_002467,V7L;V7A;V7M;T73I;T73N;T73A;P74S;P74A;S161L,,,,any,,,,L
MYCBP2,NM_015057,,,,,any,any,any,any,L
MYD88,nan,M232T;S243N;L265P,,,,,,,,L
NBPF14,NM_015383,,,,,any,any,any,any,L
NBPF15,NM_001170755,,,,,any,any,any,any,L
NCOR1,NM_006311,,any,any,any,,,,,L
NCOR2,NM_006312,,,,,any,any,any,any,L
NEB,NM_004543,,,,,any,any,any,any,L
NFKBIA,NM_020529,,any,any,any,,,,,L
NFKBIE,NM_004556,,,,,any,any,any,any,L
NFKBIZ,NM_031419,,,,,any,any,any,any,L
NLRP8,NM_176811,,,,,any,any,any,any,L
NOL9,NM_024654,,,,,any,any,any,any,L
NOTCH1,NM_017617,,c_term,c_term,c_term,,,,,L
NOTCH2,"NM_024408,NM_001200001",,c_term,c_term,c_term,,,,,L
NSD2,"NM_133335,NM_133331,NM_133330,NM_001042424",E1099K;T1150A,,,,,,,,L
NTRK1,NM_002529,,,,,any,any,any,any,L
NUP214,NM_005085,,,,,any,any,any,any,L
OR2M3,NM_001004689,,,,,any,any,any,any,L
OSBPL10,"NM_017784,NM_001174060",,,,,any,any,any,any,L
P2RY8,NM_178129,,,,,any,any,any,any,L
PABPC3,NM_030979,,,,,any,any,any,any,L
PAX5,NM_016734,V26G,any,any,any,any,,,,L
PCBP1,NM_006196,,,,,any,any,any,any,L
PCLO,NM_033026,,,,,any,any,any,any,L
PDCD1,NM_005018,,,,,any,any,any,any,L
PDE4DIP,"NM_014644,NM_001350520",,,,,any,any,any,any,L
PDGFRB,"NM_001355016,NM_002609,NM_001355017",,,,,any,any,any,any,L
PEX14,NM_004565,,,,,any,any,any,any,L
PIK3CA,NM_006218,R108H,,,,any,,,,L
PIK3CD,"NM_005026,NM_001350234,NM_001350235",G124D;C416R;E525K;E1021K,,,,any,,,,L
PIM1,"NM_002648,NM_001243186",L2F;N7K;K24N;G28D;G28A;G28S;G28V;Q37H;H68Y;E79D;E79K;P81S;P81A;P81I;P81T;S97N;S97T;L193F;L193I,,,,any,,,,L
PIM2,NM_006875,,,,,any,any,any,any,L
PLCG2,NM_002661,,,,,any,any,any,any,L
PLXNB3,NM_005393,,,,,any,any,any,any,L
POT1,NM_015450,,any,any,any,,,,,L
POU2AF1,NM_006235,,,,,any,any,any,any,L
POU2F2,NM_001207025,,,,,any,any,any,any,L
PPP4R3A,"NM_001284280,NM_001366432,NM_001284281",,,,,any,any,any,any,L
PRDM1,"NM_182907,NM_001198",,any,any,any,,,,,L
PRKCB,"NM_212535,NM_002738",,,,,any,any,any,any,L
PRUNE2,NM_015225,,,,,any,any,any,any,L
PTCH1,"NM_001354918,NM_000264",,,,,any,any,any,any,L
PTEN,NM_000314,S10N;L23S;D24E;Y27N;L42F;V45I;H123Y;G129R;I135T;Y155S;R335Q,any,any,any,any,,,,L
PTPN6,NM_002831,,,,,any,any,any,any,L
PTPRD,NM_002839,P1311S;V1565I;R1674H,any,any,any,any,,,,L
PTPRK,NM_001291984,,,,,any,any,any,any,L
RB1,NM_000321,R661W;C706R;S758L,any,any,any,any,,,,L
RBMXL1,"NM_019610,NM_001162536",,,,,any,any,any,any,L
RCOR1,NM_015156,,,,,any,any,any,any,L
REL,NM_002908,,,,,any,any,any,any,L
RET,NM_020975,,,,,any,any,any,any,L
RHOA,"NM_001313945,NM_001313944,NM_001664",R5Q;R5W;G17A;Y34N;N41S;Y42C;Y42F;Y42S;Y42H;Y66N;L69P;L69R;A161T,,,,any,,,,L
ROS1,NM_002944,,,,,any,any,any,any,L
RP1L1,NM_178857,,,,,any,any,any,any,L
RPS15,NM_001018,,,,,any,any,any,any,L
SCG3,"NM_013243,NM_001165257",,,,,any,any,any,any,L
SEL1L3,NM_015187,,,,,any,any,any,any,L
SETD1B,NM_001353345,,,,,any,any,any,any,L
SETD5,NM_001080517,,,,,any,any,any,any,L
SETDB1,NM_001145415,,,,,any,any,any,any,L
SGK1,"NM_005627,NM_001143676,NM_001143678,NM_001291995,NM_001143677",,,,,any,any,any,any,L
SIN3A,NM_001145357,,,,,any,any,any,any,L
SLC9A6,"NM_001042537,NM_006359,NM_001177651,NM_001379110,NM_001330652",,,,,any,any,any,any,L
SMARCA4,NM_001128844,T910M;T910A;R973Q;R973L;R1135Q;R1189L;R1192C;R1192H;R1243L;R1243W,any,any,any,any,,,,L
SOCS1,NM_003745,A3T;A3S;A3P;A3V,any,any,any,any,,,,L
SOCS6,NM_004232,,,,,any,any,any,any,L
SPEN,NM_015001,,any,any,any,,,,,L
SPIB,NM_003121,,,,,any,any,any,any,L
STAT3,"NM_001384992,NM_001369512,NM_001369513,NM_001384985,NM_139276",S614N;S614R;E616G;E616K;Y640F;K658R;D661V;D661Y,,,,any,,,,L
STAT6,"NM_003153,NM_001178078",,,,,any,any,any,any,L
SYNE1,NM_182961,,,,,any,any,any,any,L
TAF1,NM_138923,,,,,any,any,any,any,L
TBL1XR1,"NM_001321193,NM_001374328,NM_001374329,NM_001321195,NM_001374330,NM_024665,NM_001321194,NM_001374327",D370N;W376C;Y395C;Y395H,,,,any,,,,L
TCL1A,"NM_001098725,NM_021966",,,,,any,any,any,any,L
TCTN2,NM_024809,,,,,any,any,any,any,L
TLR2,"NM_001318789,NM_001318795,NM_003264,NM_001318791,NM_001318790,NM_001318793",,,,,any,any,any,any,L
TMEM30A,"NM_018247,NM_001143958",,,,,any,any,any,any,L
TMSB4X,NM_021109,,,,,any,any,any,any,L
TNFAIP3,"NM_001270508,NM_001270507,NM_006290",,any,any,any,,,,,L
TNFRSF14,NM_003820,,any,any,any,,,,,L
TNIP1,NM_001252390,,,,,any,any,any,any,L
TOX,NM_014729,,,,,any,any,any,any,L
TP63,"NM_001329964,NM_003722",,,,,any,any,any,any,L
TRAF3,"NM_145726,NM_145725,NM_001385142,NM_001385143,NM_001199427,NM_003300",,,,,any,any,any,any,L
TSC2,NM_000548,,any,any,any,,,,,L
TUT4,"NM_001009881,NM_015269",,,,,any,any,any,any,L
UBE2A,"NM_003336,NM_181762,NM_001282161",,,,,any,any,any,any,L
UBR5,NM_015902,,,,,any,any,any,any,L
USP6,"NM_004505,NM_001304284",,,,,any,any,any,any,L
VAV1,NM_005428,,,,,any,any,any,any,L
WDFY3,NM_014991,,,,,any,any,any,any,L
XPO1,NM_003400,E571K;E571V;E571Q;E571G,,,,any,,,,L
YY1,NM_003403,,,,,any,any,any,any,L
ZBTB11,NM_014415,,,,,any,any,any,any,L
ZC3H12A,"NM_001323551,NM_025079,NM_001323550",,,,,any,any,any,any,L
ZEB2,NM_014795,,,,,any,any,any,any,L
ZFP36L1,"NM_004926,NM_001244698,NM_001244701",,,,,any,any,any,any,L
ZNF217,"NM_001385034,NM_006526",,,,,any,any,any,any,L
ZNF292,"NM_001351444,NM_015021",,,,,any,any,any,any,L